aaa,aaa@test.com,1111
bbb,bbb@test.com,1111
ddd,ddd@test.com,1111
eee,eee@test.com,1111
b,b@naver.com,b
bb,bb@naver.com,bb
aaa,aaa@test.com,1111
bbb,bbb@test.com,1111
ccc,ccc@test.com,1111
ddd,ddd@test.com,1111
eee,eee@test.com,1111
aaa,aaa@test.com,1111
bbb,bbb@test.com,1111
ccc,ccc@test.com,1111
ddd,ddd@test.com,1111
eee,eee@test.com,1111
aaa,aaa@test.com,1111
bbb,bbb@test.com,1111
ccc,ccc@test.com,1111
ddd,ddd@test.com,1111
eee,eee@test.com,1111
aaa,aaa@test.com,1111
bbb,bbb@test.com,1111
ccc,ccc@test.com,1111
ddd,ddd@test.com,1111
eee,eee@test.com,1111
aaa,aaa@test.com,1111
bbb,bbb@test.com,1111
ccc,ccc@test.com,1111
ddd,ddd@test.com,1111
eee,eee@test.com,1111
